                  epoch,         train/box_loss,        train/pose_loss,        train/kobj_loss,         train/cls_loss,         train/dfl_loss,   metrics/precision(B),      metrics/recall(B),       metrics/mAP50(B),    metrics/mAP50-95(B),   metrics/precision(P),      metrics/recall(P),       metrics/mAP50(P),    metrics/mAP50-95(P),           val/box_loss,          val/pose_loss,          val/kobj_loss,           val/cls_loss,           val/dfl_loss,                 lr/pg0,                 lr/pg1,                 lr/pg2
                      1,                 1.2339,                 3.1638,                0.73245,                 1.4062,                 1.2136,                0.97945,                0.94118,                0.98272,                0.72138,                0.97945,                0.94118,                0.98461,                0.66665,                0.97654,                 1.3127,                0.74022,                 0.6721,                 1.0843,             0.00066234,             0.00066234,             0.00066234
                      2,                0.98034,                0.82358,                0.64447,                0.70996,                 1.0633,                0.99762,                0.95588,                0.99257,                0.70547,                0.99762,                0.95588,                0.99257,                 0.8792,                0.88175,                0.34678,                0.45871,                 0.7099,                 1.1182,              0.0013224,              0.0013224,              0.0013224
                      3,                0.93483,                0.50824,                0.47512,                0.63365,                 1.0798,                0.99889,                0.97059,                0.99378,                0.77229,                0.99889,                0.97059,                0.99378,                0.95893,                0.85358,                0.23492,                0.23473,                0.49309,                 1.1501,              0.0019759,              0.0019759,              0.0019759
                      4,                0.91401,                0.38392,                0.37705,                0.61646,                 1.0612,                0.99905,                      1,                  0.995,                0.77573,                0.99905,                      1,                  0.995,                0.97597,                0.86109,                0.18225,                0.11731,                0.52707,                 1.1137,              0.0019703,              0.0019703,              0.0019703
                      5,                0.88427,                 0.3729,                0.32391,                0.60019,                   1.06,                0.96868,                      1,                0.99068,                0.74535,                0.96868,                      1,                0.99068,                0.96092,                0.90843,                0.19527,                0.08189,                0.55998,                 1.1468,              0.0019703,              0.0019703,              0.0019703
                      6,                0.89042,                0.29867,                0.29866,                0.57474,                 1.0428,                0.98346,                      1,                0.99486,                0.77643,                0.98346,                      1,                0.99486,                0.98162,                0.85622,                0.19073,                 0.0701,                0.51041,                 1.0699,              0.0019604,              0.0019604,              0.0019604
                      7,                0.83967,                0.25868,                0.27706,                0.52356,                 1.0064,                 0.9844,                      1,                0.99486,                0.81409,                 0.9844,                      1,                0.99486,                0.98865,                0.78795,                 0.1454,                0.05822,                0.42652,                 1.0635,              0.0019505,              0.0019505,              0.0019505
                      8,                0.79169,                 0.2527,                0.25132,                0.49403,                0.99001,                0.98423,                      1,                0.99442,                0.78989,                0.98423,                      1,                0.99442,                0.98935,                0.82247,                0.12743,                0.04931,                0.45939,                 1.0575,              0.0019406,              0.0019406,              0.0019406
                      9,                0.82465,                0.21482,                0.23759,                0.49454,                 1.0076,                0.99749,                      1,                  0.995,                0.78271,                0.99749,                      1,                  0.995,                0.99141,                0.78397,                 0.1228,                 0.0458,                0.42052,                  1.065,              0.0019307,              0.0019307,              0.0019307
                     10,                0.80084,                0.22608,                0.21262,                0.50093,                 1.0143,                0.98106,                      1,                0.99471,                0.80381,                0.98106,                      1,                0.99471,                0.99308,                0.80766,                0.12745,                0.03458,                  0.444,                 1.0671,              0.0019208,              0.0019208,              0.0019208
                     11,                0.81268,                0.24697,                 0.2322,                0.54338,                 1.0025,                 0.9985,                      1,                  0.995,                0.82361,                 0.9985,                      1,                  0.995,                  0.995,                0.77075,                 0.1072,                0.03984,                0.45056,                 1.0452,              0.0019109,              0.0019109,              0.0019109
                     12,                0.79335,                0.21436,                0.19614,                0.49704,                 1.0171,                0.98417,                      1,                0.99486,                0.79074,                0.98417,                      1,                0.99486,                0.98511,                0.77959,                0.10873,                0.02405,                0.48059,                 1.0605,               0.001901,               0.001901,               0.001901
                     13,                0.78059,                0.21588,                0.19341,                0.48138,                 1.0087,                0.99949,                      1,                  0.995,                0.79485,                0.99949,                      1,                  0.995,                0.99487,                0.81956,                0.07292,                0.02766,                0.41944,                 1.0819,              0.0018911,              0.0018911,              0.0018911
                     14,                0.74833,                0.17214,                0.15402,                0.46362,                0.99309,                0.99846,                      1,                  0.995,                0.82017,                0.99846,                      1,                  0.995,                  0.995,                0.76389,                0.08347,                 0.0243,                0.42637,                 1.0716,              0.0018812,              0.0018812,              0.0018812
                     15,                0.76838,                 0.1908,                0.15039,                0.46907,                0.99007,                 0.9814,                      1,                0.98848,                0.79291,                 0.9814,                      1,                0.98848,                0.98747,                 0.7853,                0.10205,                 0.0196,                0.43807,                 1.0906,              0.0018713,              0.0018713,              0.0018713
                     16,                0.73781,                0.18714,                0.13321,                0.45432,                0.98395,                0.98382,                      1,                0.99471,                 0.7832,                0.98382,                      1,                0.99471,                0.99238,                0.78089,                0.08311,                0.02667,                0.41218,                 1.0735,              0.0018614,              0.0018614,              0.0018614
                     17,                0.73766,                0.18194,                0.11872,                0.43725,                0.97779,                0.99824,                      1,                  0.995,                0.81739,                0.99824,                      1,                  0.995,                0.99027,                  0.743,                0.08271,                0.02084,                0.41955,                 1.0413,              0.0018515,              0.0018515,              0.0018515
                     18,                0.73517,                0.18447,                0.11657,                0.42476,                0.97596,                0.99898,                      1,                  0.995,                 0.8259,                0.99898,                      1,                  0.995,                  0.995,                0.72122,                0.06317,                0.01584,                0.38404,                 1.0585,              0.0018416,              0.0018416,              0.0018416
                     19,                0.71643,                0.14738,                0.11138,                0.42136,                 0.9652,                0.99892,                      1,                  0.995,                0.81778,                0.99892,                      1,                  0.995,                 0.9927,                0.73447,                0.06272,                0.02072,                0.39943,                 1.0316,              0.0018317,              0.0018317,              0.0018317
                     20,                0.68855,                0.13885,                0.10039,                0.41671,                0.95974,                0.99822,                      1,                  0.995,                0.83309,                0.99822,                      1,                  0.995,                0.98969,                0.72684,                0.07316,                0.01555,                0.38605,                 1.0573,              0.0018218,              0.0018218,              0.0018218
                     21,                 0.7217,                0.14637,                0.08025,                0.41543,                0.96389,                0.99902,                      1,                  0.995,                0.81876,                0.99902,                      1,                  0.995,                  0.995,                0.76308,                0.06144,                 0.0124,                0.38303,                 1.0541,              0.0018119,              0.0018119,              0.0018119
                     22,                   0.72,                0.13609,                0.07528,                 0.4136,                0.95895,                 0.9988,                      1,                  0.995,                0.83744,                 0.9988,                      1,                  0.995,                0.99362,                0.73201,                0.05436,                0.00858,                0.38239,                 1.0661,               0.001802,               0.001802,               0.001802
                     23,                0.71019,                0.13188,                0.07817,                0.41061,                0.97574,                0.99885,                      1,                  0.995,                0.82432,                0.99885,                      1,                  0.995,                0.99273,                0.76241,                0.05698,                0.01078,                0.39691,                 1.0515,              0.0017921,              0.0017921,              0.0017921
                     24,                0.72752,                0.15279,                0.08224,                0.42889,                0.98345,                0.99924,                      1,                  0.995,                 0.8418,                0.99924,                      1,                  0.995,                0.99443,                0.76681,                0.06173,                0.00926,                0.39405,                 1.0872,              0.0017822,              0.0017822,              0.0017822
                     25,                0.71384,                0.14803,                0.08719,                0.42565,                0.96585,                0.99866,                      1,                  0.995,                0.84296,                0.99866,                      1,                  0.995,                  0.995,                0.70323,                0.05727,                0.01623,                0.37213,                 1.0208,              0.0017723,              0.0017723,              0.0017723
                     26,                0.69714,                0.13803,                0.08371,                0.41499,                0.96356,                0.99903,                      1,                  0.995,                0.80507,                0.99903,                      1,                  0.995,                0.99186,                0.76734,                0.06768,                0.01074,                 0.3962,                 1.0561,              0.0017624,              0.0017624,              0.0017624
                     27,                0.73059,                0.13182,                0.08479,                0.42857,                0.98088,                0.99868,                      1,                  0.995,                0.83186,                0.99868,                      1,                  0.995,                0.99348,                0.68965,                 0.0707,                 0.0101,                0.34919,                 1.0226,              0.0017525,              0.0017525,              0.0017525
                     28,                 0.7072,                0.11523,                0.06336,                0.40376,                0.96983,                 0.9985,                      1,                  0.995,                0.82553,                 0.9985,                      1,                  0.995,                  0.995,                 0.7523,                 0.0561,                0.00862,                0.36762,                 1.0605,              0.0017426,              0.0017426,              0.0017426
                     29,                0.70008,                0.11113,                0.06048,                0.39682,                0.97582,                0.99888,                      1,                  0.995,                0.84015,                0.99888,                      1,                  0.995,                  0.995,                 0.6964,                0.04238,                  0.007,                0.35796,                 1.0344,              0.0017327,              0.0017327,              0.0017327
                     30,                0.71341,                0.11443,                  0.062,                0.40446,                  0.973,                0.99773,                      1,                  0.995,                0.84213,                0.99773,                      1,                  0.995,                 0.9935,                0.70171,                0.05617,                0.00795,                0.34388,                 1.0351,              0.0017228,              0.0017228,              0.0017228
                     31,                0.68773,                0.12135,                0.07473,                0.40371,                0.96109,                0.99912,                      1,                  0.995,                0.83326,                0.99912,                      1,                  0.995,                  0.995,                0.72313,                0.06198,                0.00782,                0.35246,                 1.0321,              0.0017129,              0.0017129,              0.0017129
                     32,                0.69543,                0.12522,                0.06391,                0.41266,                0.96125,                0.99917,                      1,                  0.995,                0.85067,                0.99917,                      1,                  0.995,                  0.995,                 0.7167,                 0.0598,                0.00879,                0.36873,                  1.037,               0.001703,               0.001703,               0.001703
                     33,                0.70132,                0.12853,                   0.07,                 0.4132,                0.97723,                0.99916,                      1,                  0.995,                0.82419,                0.99916,                      1,                  0.995,                0.99144,                0.73242,                0.05701,                0.00906,                0.34719,                 1.0257,              0.0016931,              0.0016931,              0.0016931
                     34,                 0.6823,                0.13702,                0.05857,                0.39188,                0.95549,                0.99915,                      1,                  0.995,                0.86408,                0.99915,                      1,                  0.995,                  0.995,                0.67484,                0.05061,                0.00676,                 0.3417,                 1.0355,              0.0016832,              0.0016832,              0.0016832
                     35,                0.66447,                0.11059,                 0.0574,                0.38754,                0.94133,                0.99895,                      1,                  0.995,                0.84997,                0.99895,                      1,                  0.995,                  0.995,                0.69361,                0.05249,                0.00531,                0.34092,                 1.0266,              0.0016733,              0.0016733,              0.0016733
                     36,                0.69104,                0.11297,                 0.0568,                0.39807,                0.97257,                      1,                0.99859,                  0.995,                0.82929,                      1,                0.99859,                  0.995,                  0.995,                0.72605,                0.04945,                 0.0058,                0.35548,                 1.0399,              0.0016634,              0.0016634,              0.0016634
                     37,                0.68495,                0.11353,                0.05516,                0.39005,                0.96404,                0.99911,                      1,                  0.995,                0.83562,                0.99911,                      1,                  0.995,                  0.995,                0.70482,                0.06053,                0.00721,                0.34989,                 1.0239,              0.0016535,              0.0016535,              0.0016535
                     38,                0.68724,                0.10382,                0.05351,                0.39047,                0.96067,                0.99723,                      1,                  0.995,                0.83665,                0.99723,                      1,                  0.995,                  0.995,                0.71685,                0.05438,                0.00616,                0.34317,                 1.0411,              0.0016436,              0.0016436,              0.0016436
                     39,                0.70311,                0.11259,                0.05521,                0.39153,                0.96623,                0.99901,                      1,                  0.995,                0.83242,                0.99901,                      1,                  0.995,                  0.995,                0.69422,                0.04632,                0.00541,                0.33997,                 1.0092,              0.0016337,              0.0016337,              0.0016337
                     40,                0.65263,                0.09689,                0.04504,                 0.3625,                0.94819,                0.99902,                      1,                  0.995,                0.82153,                0.99902,                      1,                  0.995,                  0.995,                0.74942,                0.06158,                0.00451,                0.35045,                 1.0327,              0.0016238,              0.0016238,              0.0016238
                     41,                0.67859,                0.10944,                0.05337,                0.38038,                0.95687,                0.99904,                      1,                  0.995,                0.84699,                0.99904,                      1,                  0.995,                  0.995,                0.72096,                0.04347,                0.00768,                0.34282,                 1.0412,              0.0016139,              0.0016139,              0.0016139
                     42,                 0.6546,                 0.1037,                0.04835,                0.37677,                0.96277,                0.99902,                      1,                  0.995,                0.83342,                0.99902,                      1,                  0.995,                  0.995,                  0.724,                0.05473,                0.00577,                0.34141,                 1.0432,               0.001604,               0.001604,               0.001604
                     43,                0.65367,                0.09741,                0.05031,                0.37586,                0.95052,                0.99862,                      1,                  0.995,                0.84868,                0.99862,                      1,                  0.995,                  0.995,                0.72736,                0.03973,                 0.0048,                0.34069,                 1.0436,              0.0015941,              0.0015941,              0.0015941
                     44,                0.65327,                0.08956,                0.04975,                0.36251,                0.93639,                0.99888,                      1,                  0.995,                0.83931,                0.99888,                      1,                  0.995,                  0.995,                0.72267,                0.05015,                0.00451,                0.35544,                  1.041,              0.0015842,              0.0015842,              0.0015842
                     45,                0.64456,                0.08531,                0.04645,                0.36323,                0.93073,                0.99892,                      1,                  0.995,                0.84017,                0.99892,                      1,                  0.995,                0.99309,                0.68784,                0.04348,                0.00434,                0.33399,                 1.0183,              0.0015743,              0.0015743,              0.0015743
                     46,                0.66805,                0.09656,                0.04749,                0.38505,                0.95329,                0.99791,                      1,                  0.995,                0.83079,                0.99791,                      1,                  0.995,                  0.995,                0.66622,                0.04574,                 0.0058,                0.35171,                 1.0085,              0.0015644,              0.0015644,              0.0015644
                     47,                 0.6489,                0.09069,                0.05156,                0.37721,                0.94519,                  0.999,                      1,                  0.995,                0.85755,                  0.999,                      1,                  0.995,                  0.995,                0.66551,                0.04348,                0.00394,                0.33576,                 1.0186,              0.0015545,              0.0015545,              0.0015545
                     48,                0.66354,                0.09361,                0.04591,                0.37565,                0.94857,                0.99904,                      1,                  0.995,                0.82489,                0.99904,                      1,                  0.995,                0.99314,                0.69213,                0.04695,                0.00446,                0.32806,                 1.0364,              0.0015446,              0.0015446,              0.0015446
                     49,                0.65267,                0.09046,                0.04633,                0.37073,                0.93829,                0.99878,                      1,                  0.995,                0.84671,                0.99878,                      1,                  0.995,                  0.995,                0.71091,                  0.039,                0.00432,                 0.3417,                 1.0188,              0.0015347,              0.0015347,              0.0015347
                     50,                0.63685,                0.09371,                0.04255,                0.35249,                0.93742,                0.99908,                      1,                  0.995,                0.83163,                0.99908,                      1,                  0.995,                  0.995,                 0.7205,                0.04169,                0.00402,                0.32636,                 1.0231,              0.0015248,              0.0015248,              0.0015248
                     51,                0.66193,                0.09624,                0.05161,                0.36875,                0.94323,                0.99905,                      1,                  0.995,                0.84879,                0.99905,                      1,                  0.995,                  0.995,                0.70718,                0.04877,                0.00677,                0.34346,                 1.0263,              0.0015149,              0.0015149,              0.0015149
                     52,                0.64778,                0.08797,                0.05294,                0.36852,                0.95409,                0.99514,                      1,                  0.995,                0.86683,                0.99514,                      1,                  0.995,                 0.9945,                0.61967,                0.04557,                0.00549,                 0.3333,                 1.0037,               0.001505,               0.001505,               0.001505
                     53,                0.63954,                0.08862,                0.04917,                0.35666,                0.94474,                0.99912,                      1,                  0.995,                0.83291,                0.99912,                      1,                  0.995,                0.99298,                0.70196,                0.05522,                0.00351,                0.32201,                 1.0223,              0.0014951,              0.0014951,              0.0014951
                     54,                0.63369,                0.08564,                0.04795,                0.35586,                0.94361,                0.99871,                      1,                  0.995,                0.84751,                0.99871,                      1,                  0.995,                  0.995,                0.70248,                0.05233,                0.00487,                0.33235,                 1.0433,              0.0014852,              0.0014852,              0.0014852
                     55,                0.63724,                0.08132,                0.04404,                0.35574,                0.94055,                0.99873,                      1,                  0.995,                0.85132,                0.99873,                      1,                  0.995,                0.99429,                 0.6619,                0.04777,                0.00445,                0.31784,                 1.0118,              0.0014753,              0.0014753,              0.0014753
                     56,                0.64584,                0.08674,                0.03581,                 0.3533,                0.95256,                0.99899,                      1,                  0.995,                0.82023,                0.99899,                      1,                  0.995,                  0.995,                0.69344,                0.03602,                0.00328,                0.31872,                 1.0322,              0.0014654,              0.0014654,              0.0014654
                     57,                0.63144,                0.07818,                0.04542,                0.34568,                 0.9397,                0.99863,                      1,                  0.995,                0.84956,                0.99863,                      1,                  0.995,                  0.995,                0.69513,                0.04076,                0.00416,                0.33351,                 1.0246,              0.0014555,              0.0014555,              0.0014555
                     58,                0.64738,                0.08588,                0.04285,                0.35715,                0.95171,                0.99677,                      1,                  0.995,                0.84475,                0.99677,                      1,                  0.995,                  0.995,                0.66977,                0.04007,                 0.0045,                0.32882,                 1.0124,              0.0014456,              0.0014456,              0.0014456
                     59,                0.62399,                0.08626,                0.04398,                0.35482,                0.94288,                 0.9988,                      1,                  0.995,                0.85391,                 0.9988,                      1,                  0.995,                  0.995,                0.64716,                0.03096,                0.00587,                0.31862,                 1.0023,              0.0014357,              0.0014357,              0.0014357
                     60,                0.65286,                0.08673,                 0.0457,                0.36357,                0.95147,                 0.9991,                      1,                  0.995,                 0.8425,                 0.9991,                      1,                  0.995,                0.99308,                0.69014,                0.05096,                 0.0043,                0.32416,                 1.0236,              0.0014258,              0.0014258,              0.0014258
                     61,                0.63152,                0.08335,                0.04418,                 0.3554,                0.92652,                0.99905,                      1,                  0.995,                0.84417,                0.99905,                      1,                  0.995,                0.99114,                0.71064,                0.04366,                0.00769,                0.32021,                 1.0221,              0.0014159,              0.0014159,              0.0014159
                     62,                0.63457,                0.08078,                 0.0448,                0.35556,                0.92871,                 0.9991,                      1,                  0.995,                0.83234,                 0.9991,                      1,                  0.995,                0.99293,                0.70902,                0.04101,                0.00575,                0.32427,                 1.0186,               0.001406,               0.001406,               0.001406
                     63,                0.63835,                0.07652,                0.03731,                0.35598,                0.94458,                 0.9987,                      1,                  0.995,                0.84796,                 0.9987,                      1,                  0.995,                0.99306,                0.71058,                0.04118,                0.00365,                0.33379,                 1.0232,              0.0013961,              0.0013961,              0.0013961
                     64,                0.61684,                0.07761,                0.04194,                 0.3386,                0.92801,                 0.9991,                      1,                  0.995,                0.85126,                 0.9991,                      1,                  0.995,                  0.995,                0.65406,                0.04406,                0.00463,                0.31554,                 1.0085,              0.0013862,              0.0013862,              0.0013862
                     65,                0.61806,                0.07303,                0.04169,                0.33616,                0.92982,                0.99908,                      1,                  0.995,                0.84868,                0.99908,                      1,                  0.995,                  0.995,                0.68626,                0.03292,                0.00534,                0.31546,                 1.0109,              0.0013763,              0.0013763,              0.0013763
                     66,                 0.6231,                0.07111,                0.03935,                0.33987,                0.92276,                0.99906,                      1,                  0.995,                0.85534,                0.99906,                      1,                  0.995,                  0.995,                0.66232,                0.02838,                0.00319,                0.31643,                 1.0084,              0.0013664,              0.0013664,              0.0013664
                     67,                0.62083,                 0.0761,                0.04706,                0.34432,                0.93906,                0.99914,                      1,                  0.995,                0.86489,                0.99914,                      1,                  0.995,                  0.995,                0.64515,                0.04015,                0.00347,                0.30318,                 1.0023,              0.0013565,              0.0013565,              0.0013565
                     68,                0.61878,                  0.077,                 0.0383,                0.34357,                0.94122,                0.99841,                      1,                  0.995,                0.84908,                0.99841,                      1,                  0.995,                  0.995,                0.68558,                0.03135,                0.00396,                0.31315,                 1.0153,              0.0013466,              0.0013466,              0.0013466
                     69,                0.61589,                0.07293,                0.02767,                0.34418,                0.93452,                0.99913,                      1,                  0.995,                0.82669,                0.99913,                      1,                  0.995,                  0.995,                0.76679,                0.03858,                0.00252,                 0.3316,                 1.0619,              0.0013367,              0.0013367,              0.0013367
                     70,                0.63257,                 0.0738,                0.03598,                0.34174,                0.93928,                0.99915,                      1,                  0.995,                0.83784,                0.99915,                      1,                  0.995,                  0.995,                0.70419,                0.03274,                0.00273,                0.32733,                 1.0478,              0.0013268,              0.0013268,              0.0013268
                     71,                0.60105,                0.07087,                0.03586,                0.32812,                0.92343,                0.99877,                      1,                  0.995,                0.85824,                0.99877,                      1,                  0.995,                  0.995,                0.65796,                0.03761,                0.00323,                0.29957,                 1.0131,              0.0013169,              0.0013169,              0.0013169
                     72,                0.60129,                0.06266,                0.02566,                0.32673,                0.92669,                0.99812,                      1,                  0.995,                0.86485,                0.99812,                      1,                  0.995,                0.99444,                0.63341,                0.04051,                0.00258,                0.31269,                 1.0035,               0.001307,               0.001307,               0.001307
                     73,                0.60592,                0.07414,                0.03663,                0.33089,                 0.9212,                0.99606,                      1,                  0.995,                0.84367,                0.99606,                      1,                  0.995,                  0.995,                 0.6611,                0.04193,                0.00228,                0.32629,                 1.0212,              0.0012971,              0.0012971,              0.0012971
                     74,                0.60009,                 0.0586,                0.03375,                0.32081,                0.91656,                0.99904,                      1,                  0.995,                0.85423,                0.99904,                      1,                  0.995,                0.99461,                0.66511,                0.04022,                0.00243,                0.29515,                  1.018,              0.0012872,              0.0012872,              0.0012872
                     75,                0.60735,                0.06349,                0.03309,                0.33133,                0.92237,                0.99916,                      1,                  0.995,                0.87123,                0.99916,                      1,                  0.995,                  0.995,                0.62151,                0.03221,                0.00244,                0.31908,                0.98091,              0.0012773,              0.0012773,              0.0012773
                     76,                0.58565,                0.06465,                0.02701,                0.32876,                0.92896,                 0.9989,                      1,                  0.995,                0.85702,                 0.9989,                      1,                  0.995,                  0.995,                0.67178,                0.03429,                0.00205,                0.31789,                 1.0198,              0.0012674,              0.0012674,              0.0012674
                     77,                0.57352,                0.07403,                0.03609,                0.32341,                0.91453,                0.99907,                      1,                  0.995,                0.86315,                0.99907,                      1,                  0.995,                  0.995,                0.68024,                0.03324,                0.00224,                0.31751,                 1.0288,              0.0012575,              0.0012575,              0.0012575
                     78,                0.62381,                0.06508,                0.03841,                0.33703,                 0.9259,                0.99862,                      1,                  0.995,                 0.8496,                0.99862,                      1,                  0.995,                  0.995,                0.68974,                0.03333,                0.00317,                0.31261,                 1.0471,              0.0012476,              0.0012476,              0.0012476
                     79,                0.63219,                0.06608,                0.03213,                0.34285,                0.92564,                0.99877,                      1,                  0.995,                0.85284,                0.99877,                      1,                  0.995,                  0.995,                 0.7023,                0.03373,                0.00239,                0.31319,                 1.0404,              0.0012377,              0.0012377,              0.0012377
                     80,                0.61236,                0.06964,                0.03256,                 0.3345,                0.93215,                0.99824,                      1,                  0.995,                0.86591,                0.99824,                      1,                  0.995,                  0.995,                0.66435,                0.03295,                0.00231,                0.30584,                 1.0117,              0.0012278,              0.0012278,              0.0012278
                     81,                0.58591,                0.06747,                 0.0355,                0.31869,                0.91387,                0.99871,                      1,                  0.995,                0.85478,                0.99871,                      1,                  0.995,                  0.995,                0.67599,                0.03305,                0.00242,                0.30006,                 1.0311,              0.0012179,              0.0012179,              0.0012179
                     82,                0.58167,                0.06972,                0.03194,                0.31693,                0.92107,                0.99939,                      1,                  0.995,                0.84478,                0.99939,                      1,                  0.995,                  0.995,                0.68676,                0.03401,                 0.0031,                0.31009,                 1.0229,               0.001208,               0.001208,               0.001208
                     83,                0.58097,                 0.0719,                  0.037,                0.32519,                0.91874,                0.99891,                      1,                  0.995,                0.84501,                0.99891,                      1,                  0.995,                0.99451,                0.68026,                0.03724,                0.00291,                0.30997,                 1.0229,              0.0011981,              0.0011981,              0.0011981
                     84,                0.55543,                0.05863,                0.04193,                0.31065,                0.90493,                0.99919,                      1,                  0.995,                0.85895,                0.99919,                      1,                  0.995,                  0.995,                0.65926,                0.03442,                0.00667,                0.28527,                 1.0278,              0.0011882,              0.0011882,              0.0011882
                     85,                0.58399,                0.05676,                 0.0325,                0.31122,                0.92564,                0.99911,                      1,                  0.995,                0.85761,                0.99911,                      1,                  0.995,                0.99418,                0.65163,                0.03246,                0.00589,                0.29328,                 1.0157,              0.0011783,              0.0011783,              0.0011783
                     86,                0.58908,                0.06286,                 0.0334,                0.31482,                0.92019,                0.99916,                      1,                  0.995,                0.86132,                0.99916,                      1,                  0.995,                  0.995,                  0.688,                0.03268,                0.00304,                0.30861,                 1.0291,              0.0011684,              0.0011684,              0.0011684
                     87,                0.58336,                0.06414,                0.03823,                0.31139,                 0.9211,                0.99905,                      1,                  0.995,                0.85369,                0.99905,                      1,                  0.995,                  0.995,                0.67562,                0.03271,                0.00268,                0.29401,                 1.0351,              0.0011585,              0.0011585,              0.0011585
                     88,                0.57467,                0.05719,                 0.0296,                0.30907,                0.90411,                0.99912,                      1,                  0.995,                0.85123,                0.99912,                      1,                  0.995,                  0.995,                0.67248,                0.02575,                0.00226,                0.30486,                 1.0341,              0.0011486,              0.0011486,              0.0011486
                     89,                0.56262,                0.05387,                0.03246,                0.30458,                0.90765,                0.99917,                      1,                  0.995,                0.86022,                0.99917,                      1,                  0.995,                  0.995,                0.68122,                0.02985,                0.00559,                0.29102,                 1.0397,              0.0011387,              0.0011387,              0.0011387
                     90,                0.59078,                0.06395,                0.02898,                 0.3083,                0.92139,                0.99917,                      1,                  0.995,                0.83319,                0.99917,                      1,                  0.995,                  0.995,                0.70581,                0.02909,                0.00191,                0.31987,                 1.0473,              0.0011288,              0.0011288,              0.0011288
                     91,                0.58452,                0.05711,                0.02729,                0.31665,                0.92846,                0.99914,                      1,                  0.995,                0.84086,                0.99914,                      1,                  0.995,                  0.995,                0.70126,                0.03465,                  0.004,                0.30872,                 1.0372,              0.0011189,              0.0011189,              0.0011189
                     92,                 0.5814,                0.05504,                0.02987,                0.31584,                0.92346,                0.99917,                      1,                  0.995,                0.85892,                0.99917,                      1,                  0.995,                  0.995,                0.66334,                0.03466,                0.00195,                0.30562,                  1.032,               0.001109,               0.001109,               0.001109
                     93,                0.55717,                0.05515,                0.03052,                0.30711,                0.91262,                0.99914,                      1,                  0.995,                0.84161,                0.99914,                      1,                  0.995,                  0.995,                0.68715,                0.02607,                 0.0025,                0.31616,                  1.035,              0.0010991,              0.0010991,              0.0010991
                     94,                0.57648,                0.05742,                0.02958,                 0.3175,                0.90997,                0.99916,                      1,                  0.995,                0.85212,                0.99916,                      1,                  0.995,                  0.995,                0.68811,                0.03273,                0.00201,                0.31962,                 1.0441,              0.0010892,              0.0010892,              0.0010892
                     95,                 0.5888,                0.05971,                0.02923,                0.32507,                0.92499,                0.99906,                      1,                  0.995,                0.83987,                0.99906,                      1,                  0.995,                  0.995,                0.69713,                 0.0297,                0.00186,                0.31497,                 1.0448,              0.0010793,              0.0010793,              0.0010793
                     96,                0.58908,                0.05445,                0.03078,                0.32016,                0.92756,                0.99903,                      1,                  0.995,                0.86402,                0.99903,                      1,                  0.995,                0.99308,                0.65586,                0.03287,                0.00207,                0.30413,                 1.0229,              0.0010694,              0.0010694,              0.0010694
                     97,                0.58513,                0.05355,                0.02441,                0.30253,                0.92051,                0.99911,                      1,                  0.995,                0.85869,                0.99911,                      1,                  0.995,                  0.995,                0.65942,                0.02886,                0.00199,                0.30301,                 1.0282,              0.0010595,              0.0010595,              0.0010595
                     98,                0.58416,                0.06172,                0.02697,                0.32545,                0.91712,                0.99903,                      1,                  0.995,                0.85895,                0.99903,                      1,                  0.995,                  0.995,                 0.6554,                0.03764,                0.00211,                0.29128,                 1.0138,              0.0010496,              0.0010496,              0.0010496
                     99,                0.57684,                0.05746,                0.02726,                0.30624,                0.91438,                 0.9991,                      1,                  0.995,                0.86811,                 0.9991,                      1,                  0.995,                  0.995,                0.64778,                0.02461,                 0.0017,                0.28846,                  1.025,              0.0010397,              0.0010397,              0.0010397
                    100,                0.56343,                0.05566,                0.02857,                0.29971,                0.91121,                0.99906,                      1,                  0.995,                 0.8508,                0.99906,                      1,                  0.995,                  0.995,                0.67191,                0.03161,                0.00212,                0.29555,                 1.0396,              0.0010298,              0.0010298,              0.0010298
                    101,                0.57397,                0.05763,                0.02736,                0.31001,                0.90565,                0.99911,                      1,                  0.995,                  0.859,                0.99911,                      1,                  0.995,                  0.995,                0.64472,                0.02856,                0.00164,                0.29269,                 1.0264,              0.0010199,              0.0010199,              0.0010199
                    102,                0.57461,                0.05966,                 0.0297,                0.31083,                0.92771,                0.99914,                      1,                  0.995,                0.86201,                0.99914,                      1,                  0.995,                  0.995,                0.64113,                0.03743,                0.00551,                0.28539,                 1.0127,                0.00101,                0.00101,                0.00101
                    103,                0.57487,                0.06031,                0.02999,                0.30346,                0.91467,                0.99915,                      1,                  0.995,                0.86261,                0.99915,                      1,                  0.995,                  0.995,                0.64552,                0.02705,                0.00225,                 0.3018,                 1.0087,              0.0010001,              0.0010001,              0.0010001
                    104,                0.58079,                0.06167,                0.02968,                0.30314,                0.91047,                0.99916,                      1,                  0.995,                0.86279,                0.99916,                      1,                  0.995,                  0.995,                0.65579,                0.02573,                0.00331,                 0.2992,                 1.0184,              0.0009902,              0.0009902,              0.0009902
                    105,                0.57256,                0.05904,                0.02748,                0.29966,                0.91703,                0.99906,                      1,                  0.995,                0.86942,                0.99906,                      1,                  0.995,                  0.995,                0.63588,                0.03033,                0.00213,                0.28515,                 1.0038,              0.0009803,              0.0009803,              0.0009803
                    106,                0.55882,                0.05557,                 0.0335,                0.29859,                0.90686,                0.99912,                      1,                  0.995,                 0.8617,                0.99912,                      1,                  0.995,                  0.995,                0.63098,                 0.0282,                0.00266,                0.27392,                 1.0121,              0.0009704,              0.0009704,              0.0009704
                    107,                0.56759,                 0.0545,                0.02665,                0.30591,                0.92395,                0.99791,                      1,                  0.995,                0.86855,                0.99791,                      1,                  0.995,                  0.995,                0.65558,                0.02447,                0.00239,                0.27564,                 1.0234,              0.0009605,              0.0009605,              0.0009605
                    108,                0.56602,                0.05608,                0.02498,                0.29672,                0.92083,                0.99916,                      1,                  0.995,                0.85298,                0.99916,                      1,                  0.995,                  0.995,                0.67339,                0.02688,                0.00219,                0.28341,                  1.025,              0.0009506,              0.0009506,              0.0009506
                    109,                0.54719,                0.05141,                0.03049,                0.30167,                0.91307,                0.99888,                      1,                  0.995,                0.85149,                0.99888,                      1,                  0.995,                  0.995,                0.67885,                0.02682,                0.00231,                0.28953,                 1.0363,              0.0009407,              0.0009407,              0.0009407
                    110,                0.56552,                0.05453,                0.02812,                0.30099,                0.91771,                0.99907,                      1,                  0.995,                0.86273,                0.99907,                      1,                  0.995,                  0.995,                0.66451,                0.02413,                0.00206,                0.29384,                 1.0271,              0.0009308,              0.0009308,              0.0009308
                    111,                0.56237,                 0.0566,                0.02742,                0.29946,                0.91161,                0.99912,                      1,                  0.995,                0.85976,                0.99912,                      1,                  0.995,                  0.995,                0.64578,                0.02409,                0.00205,                0.26758,                 1.0235,              0.0009209,              0.0009209,              0.0009209
                    112,                0.54099,                0.04916,                0.02879,                 0.2916,                0.90589,                0.99913,                      1,                  0.995,                0.84694,                0.99913,                      1,                  0.995,                  0.995,                0.68337,                0.02781,                0.00208,                0.29524,                 1.0307,               0.000911,               0.000911,               0.000911
                    113,                0.56566,                0.05691,                0.02496,                0.30731,                0.91821,                0.99909,                      1,                  0.995,                0.86054,                0.99909,                      1,                  0.995,                  0.995,                0.63586,                0.02929,                0.00142,                0.27884,                 1.0172,              0.0009011,              0.0009011,              0.0009011
                    114,                0.53947,                0.05102,                0.02822,                0.29107,                0.90167,                0.99914,                      1,                  0.995,                0.85335,                0.99914,                      1,                  0.995,                  0.995,                0.66517,                0.02419,                0.00212,                0.27927,                 1.0306,              0.0008912,              0.0008912,              0.0008912
                    115,                0.56295,                0.04651,                0.02807,                0.29331,                0.91758,                0.99914,                      1,                  0.995,                  0.857,                0.99914,                      1,                  0.995,                  0.995,                 0.6791,                0.02723,                0.00163,                0.28723,                 1.0247,              0.0008813,              0.0008813,              0.0008813
                    116,                 0.5856,                 0.0472,                0.02709,                0.30256,                0.92285,                0.99912,                      1,                  0.995,                0.85768,                0.99912,                      1,                  0.995,                  0.995,                 0.6494,                0.02535,                0.00568,                0.28673,                 1.0177,              0.0008714,              0.0008714,              0.0008714
                    117,                0.54011,                0.04363,                0.02621,                0.29602,                0.91645,                 0.9991,                      1,                  0.995,                0.86273,                 0.9991,                      1,                  0.995,                  0.995,                0.64021,                0.02913,                0.00213,                0.26871,                 1.0266,              0.0008615,              0.0008615,              0.0008615
                    118,                0.54458,                0.04904,                0.02894,                0.29004,                0.89648,                0.99914,                      1,                  0.995,                0.85286,                0.99914,                      1,                  0.995,                  0.995,                0.67201,                0.02416,                0.00149,                 0.2919,                 1.0416,              0.0008516,              0.0008516,              0.0008516
                    119,                0.57231,                  0.049,                 0.0257,                0.29624,                0.91729,                0.99914,                      1,                  0.995,                0.84868,                0.99914,                      1,                  0.995,                0.99431,                0.65481,                0.02895,                0.00122,                0.28633,                 1.0268,              0.0008417,              0.0008417,              0.0008417
                    120,                0.55996,                0.04667,                0.02779,                 0.2928,                0.92798,                0.99915,                      1,                  0.995,                0.84542,                0.99915,                      1,                  0.995,                  0.995,                0.65281,                0.02144,                0.00125,                0.28155,                  1.027,              0.0008318,              0.0008318,              0.0008318
                    121,                0.53844,                0.04492,                0.02458,                0.29019,                0.90992,                0.99912,                      1,                  0.995,                0.84982,                0.99912,                      1,                  0.995,                  0.995,                 0.6536,                0.02419,                0.00399,                0.28988,                 1.0253,              0.0008219,              0.0008219,              0.0008219
                    122,                0.54045,                0.04838,                0.03005,                0.29179,                0.91122,                0.99905,                      1,                  0.995,                 0.8576,                0.99905,                      1,                  0.995,                  0.995,                0.63773,                0.02886,                0.00135,                0.26896,                 1.0368,               0.000812,               0.000812,               0.000812
                    123,                0.53057,                0.04482,                0.02604,                0.29037,                0.90782,                0.99913,                      1,                  0.995,                0.85133,                0.99913,                      1,                  0.995,                  0.995,                0.65513,                0.02485,                0.00218,                0.28636,                 1.0389,              0.0008021,              0.0008021,              0.0008021
                    124,                0.53821,                0.04327,                0.02442,                0.28574,                0.91001,                0.99915,                      1,                  0.995,                0.86572,                0.99915,                      1,                  0.995,                  0.995,                0.65556,                0.02176,                0.00174,                0.27374,                 1.0448,              0.0007922,              0.0007922,              0.0007922
                    125,                0.54692,                0.04949,                0.03472,                0.29352,                0.90476,                0.99908,                      1,                  0.995,                 0.8536,                0.99908,                      1,                  0.995,                  0.995,                0.67257,                0.02638,                0.00274,                0.29166,                 1.0459,              0.0007823,              0.0007823,              0.0007823
